Test Trajectory,Learner Trajectory
0_330_338_154_174_364_178_180_337_182_186_347_403_243_211_136_9,0_330_338_154_174_364_178_180_337_182_186_347_403_243_211_136_9
0_330_338_154_174_364_178_180_337_182_186_347_403_243_211_136_9,0_330_338_154_174_364_178_180_337_182_186_347_403_243_211_136_9
0_330_338_154_174_364_178_180_337_182_186_347_403_243_211_136_9,0_330_338_154_174_364_178_180_337_182_186_347_403_243_211_136_9
0_330_338_154_174_364_178_180_337_182_186_347_403_243_211_136_9,0_330_338_154_174_364_178_180_337_182_186_347_403_243_211_136_9
0_330_338_154_174_364_178_180_337_182_186_347_403_243_211_136_9,0_330_338_154_174_364_178_180_337_182_186_347_403_243_211_136_9
1_338_154_174_364_178_180_337_182_186_347_403_243_211_136_9,1_338_154_174_364_178_180_337_182_186_347_403_243_211_136_9
1_338_154_174_364_178_180_337_182_186_347_403_243_211_136_9,1_338_154_174_364_178_180_337_182_186_347_403_243_211_136_9
1_338_154_174_364_178_180_337_182_186_347_403_243_211_136_9,1_338_154_174_364_178_180_337_182_186_347_403_243_211_136_9
1_338_154_174_364_178_180_337_182_186_347_403_243_211_136_9,1_338_154_174_364_178_180_337_182_186_347_403_243_211_136_9
1_338_154_174_364_178_180_337_182_186_347_403_243_211_136_9,1_338_154_174_364_178_180_337_182_186_347_403_243_211_136_9
1_338_154_174_364_178_180_337_182_186_347_403_243_211_136_9,1_338_154_174_364_178_180_337_182_186_347_403_243_211_136_9
1_338_154_174_364_178_180_337_182_186_347_403_243_211_136_9,1_338_154_174_364_178_180_337_182_186_347_403_243_211_136_9
1_338_154_174_364_178_180_337_182_186_347_403_243_211_136_9,1_338_154_174_364_178_180_337_182_186_347_403_243_211_136_9
1_338_154_174_364_178_180_337_182_186_347_403_243_211_136_9,1_338_154_174_364_178_180_337_182_186_347_403_243_211_136_9
1_338_154_174_364_178_180_337_182_186_347_403_243_211_136_9,1_338_154_174_364_178_180_337_182_186_347_403_243_211_136_9
1_338_154_174_364_178_180_337_182_186_347_403_243_211_136_9,1_338_154_174_364_178_180_337_182_186_347_403_243_211_136_9
1_338_154_174_364_178_180_337_182_186_347_403_243_211_136_9,1_338_154_174_364_178_180_337_182_186_347_403_243_211_136_9
1_338_154_174_364_178_180_337_182_186_347_403_243_211_136_9,1_338_154_174_364_178_180_337_182_186_347_403_243_211_136_9
1_338_154_174_364_178_180_337_182_186_347_403_243_211_136_9,1_338_154_174_364_178_180_337_182_186_347_403_243_211_136_9
1_338_154_174_364_178_180_337_182_186_347_403_243_211_136_9,1_338_154_174_364_178_180_337_182_186_347_403_243_211_136_9
1_338_154_174_364_178_180_337_182_186_347_403_243_211_136_9,1_338_154_174_364_178_180_337_182_186_347_403_243_211_136_9
1_338_154_174_364_178_180_337_182_186_347_403_243_211_136_9,1_338_154_174_364_178_180_337_182_186_347_403_243_211_136_9
1_338_154_174_364_178_180_337_182_186_347_403_243_211_136_9,1_338_154_174_364_178_180_337_182_186_347_403_243_211_136_9
1_338_154_174_364_178_180_337_182_186_347_403_243_211_136_9,1_338_154_174_364_178_180_337_182_186_347_403_243_211_136_9
1_338_154_174_364_178_180_337_182_186_347_403_243_211_136_9,1_338_154_174_364_178_180_337_182_186_347_403_243_211_136_9
1_338_154_174_364_178_180_337_182_186_347_403_243_211_136_9,1_338_154_174_364_178_180_337_182_186_347_403_243_211_136_9
1_338_154_174_364_178_180_337_182_186_347_403_243_211_136_9,1_338_154_174_364_178_180_337_182_186_347_403_243_211_136_9
1_338_154_174_364_178_180_337_182_186_347_403_243_211_136_9,1_338_154_174_364_178_180_337_182_186_347_403_243_211_136_9
1_338_154_174_364_178_180_337_182_186_347_403_243_211_136_9,1_338_154_174_364_178_180_337_182_186_347_403_243_211_136_9
1_338_154_174_364_178_180_337_182_186_347_403_243_211_136_9,1_338_154_174_364_178_180_337_182_186_347_403_243_211_136_9
1_338_154_174_364_178_180_337_182_186_347_403_243_211_136_9,1_338_154_174_364_178_180_337_182_186_347_403_243_211_136_9
1_338_154_174_364_178_180_337_182_186_347_403_243_211_136_9,1_338_154_174_364_178_180_337_182_186_347_403_243_211_136_9
1_338_154_174_364_178_180_337_182_186_347_403_243_211_136_9,1_338_154_174_364_178_180_337_182_186_347_403_243_211_136_9
149_349_290_364_178_180_337_182_186_347_403_243_211_136_9,149_349_290_364_178_180_337_182_186_347_403_243_211_136_9
185_177_404_194_174_364_178_180_337_182_186_347_403_243_211_136_9,185_175_178_180_337_182_186_347_403_243_211_136_9
231_230_408_419_76_271_388_311_31_267_56_35_152_250_243_211_136_9,231_230_408_419_76_271_388_311_31_267_56_35_152_250_243_211_136_9
231_230_408_419_76_271_388_311_31_267_56_35_152_250_243_211_136_9,231_230_408_419_76_271_388_311_31_267_56_35_152_250_243_211_136_9
231_230_408_419_76_271_388_311_31_267_56_35_152_250_243_211_136_9,231_230_408_419_76_271_388_311_31_267_56_35_152_250_243_211_136_9
231_230_408_419_76_271_388_311_31_267_56_35_152_250_243_211_136_9,231_230_408_419_76_271_388_311_31_267_56_35_152_250_243_211_136_9
231_230_408_419_76_271_388_311_31_267_56_35_152_250_243_211_136_9,231_230_408_419_76_271_388_311_31_267_56_35_152_250_243_211_136_9
231_230_408_419_76_271_388_311_31_267_56_35_152_250_243_211_136_9,231_230_408_419_76_271_388_311_31_267_56_35_152_250_243_211_136_9
231_230_408_419_76_271_388_311_31_267_56_35_152_250_243_211_136_9,231_230_408_419_76_271_388_311_31_267_56_35_152_250_243_211_136_9
231_230_408_419_76_271_388_311_31_267_56_35_152_250_243_211_136_9,231_230_408_419_76_271_388_311_31_267_56_35_152_250_243_211_136_9
231_230_408_419_76_271_388_311_31_267_56_35_152_250_243_211_136_9,231_230_408_419_76_271_388_311_31_267_56_35_152_250_243_211_136_9
308_332_408_419_76_271_388_311_31_267_56_35_152_250_243_211_136_9,308_332_408_419_76_271_388_311_31_267_56_35_152_250_243_211_136_9
353_1_338_154_174_364_178_180_337_182_186_347_403_243_211_136_9,353_1_338_154_174_364_178_180_337_182_186_347_403_243_211_136_9
404_194_174_364_178_180_337_182_186_347_403_243_211_136_9,404_194_174_364_178_180_337_182_186_347_403_243_211_136_9
51_54_357_323_319_314_49_313_300_27_65_326_60_128_126_12,51_54_357_323_319_314_49_313_300_27_65_326_60_128_126_12
223_103_226_228_333_308_332_408_419_76_271_388_311_31_268_357_323_319_314_49_313_300_27_65_326_60_128_126_12,223_103_226_228_334_95_275_215_218
231_230_408_419_76_271_388_311_31_267_56_34_36_373_284_286_312_50_52_374_241_130_4_214_12,231_230_408_419_76_271_388_311_31_268_357_323_319_314_49_313_300_27_65_326_60_128_126_12
231_230_408_419_76_271_388_311_31_268_357_323_319_314_49_313_300_27_65_326_60_128_126_12,231_230_408_419_76_271_388_311_31_268_357_323_319_314_49_313_300_27_65_326_60_128_126_12
231_230_408_419_76_271_388_311_31_268_357_323_319_314_49_313_300_27_65_326_60_128_126_12,231_230_408_419_76_271_388_311_31_268_357_323_319_314_49_313_300_27_65_326_60_128_126_12
231_230_408_419_76_271_388_311_31_268_357_323_319_314_49_313_300_27_65_326_60_128_126_12,231_230_408_419_76_271_388_311_31_268_357_323_319_314_49_313_300_27_65_326_60_128_126_12
268_357_323_319_314_49_313_300_27_65_326_60_128_126_12,268_357_323_319_314_49_313_300_27_65_326_60_128_126_12
271_388_311_31_268_357_323_319_314_49_313_300_27_65_326_60_128_126_12,271_388_311_31_268_357_323_319_314_49_313_300_27_65_326_60_128_126_12
363_403_243_212_25_252_245_37_54_357_323_319_314_49_313_300_27_65_326_60_128_126_12,363_403_243_211_136_9_22_214_12
377_39_315_51_54_357_323_319_314_49_313_300_27_65_326_60_128_126_12,377_39_314_49_313_300_27_65_326_60_128_126_12
1_338_154_174_364_178_180_337_182_186_347_403_243_211_136_9_21,1_338_154_174_364_178_180_337_182_186_347_403_243_211_136_9_21
231_230_408_419_76_271_388_311_31_267_56_35_152_250_243_212_25,231_230_408_419_76_271_388_311_31_267_56_35_152_250_243_212_25
124_11_125_127_61_325_28_367_286_312_48_316_317_324_340_32_309_311_31,124_11_125_127_61_325_28_367_286_313_300_27_66_67
124_11_125_127_61_325_28_367_286_312_48_316_317_324_340_32,124_11_125_127_61_325_28_367_286_312_48_316_317_324_340_32
124_11_125_127_61_325_28_367_286_312_48_316_317_324_340_32,124_11_125_127_61_325_28_367_286_312_48_316_317_324_340_32
124_11_125_127_61_325_28_367_286_312_48_316_317_324_340_32,124_11_125_127_61_325_28_367_286_312_48_316_317_324_340_32
124_11_125_127_61_325_28_367_286_312_48_316_317_324_340_32,124_11_125_127_61_325_28_367_286_312_48_316_317_324_340_32
149_349_290_364_178_180_337_182_186_347_403_243_212_25_252_245_37_54_358_340_32,149_349_290_364_178_180_337_182_186_347_403_243_212_25_252_245_37_54_358_340_32
0_330_338_154_174_364_178_180_337_182_186_347_403_243_212_25_252_245_37_54_357_323_318_38_40,0_330_338_154_174_364_178_180_337_182_186_347_403_243_212_25_252_245_37_54_357_323_318_38_40
1_338_154_174_364_178_180_337_182_186_347_403_243_212_25_252_245_37_54_357_323_318_38_40,1_338_154_174_364_178_180_337_182_186_347_403_243_212_25_252_245_37_54_357_323_318_38_40
1_338_154_174_364_178_180_337_182_186_347_403_243_212_25_252_245_37_54_357_323_318_38_40,1_338_154_174_364_178_180_337_182_186_347_403_243_212_25_252_245_37_54_357_323_318_38_40
149_349_290_364_178_180_337_182_186_347_403_243_212_25_252_245_37_54_357_323_318_38_40,149_349_290_364_178_180_337_182_186_347_403_243_212_25_252_245_37_54_357_323_318_38_40
154_174_364_178_180_337_182_186_347_403_243_212_25_252_245_37_54_357_323_318_38_40,154_174_364_178_180_337_182_186_347_403_243_212_25_252_245_37_54_357_323_318_38_40
175_178_180_337_182_186_347_403_243_212_25_252_245_37_54_357_323_318_38_40,175_178_180_337_182_186_347_403_243_212_25_252_245_37_54_357_323_318_38_40
178_180_337_182_186_347_403_243_212_25_252_245_37_54_357_323_318_38_40,178_180_337_182_186_347_403_243_212_25_252_245_37_54_357_323_318_38_40
190_397_351_337_182_186_347_403_243_212_25_252_245_37_54_357_323_318_38_40,190_397_351_337_182_186_347_403_243_212_25_252_245_37_54_357_323_318_38_40
231_230_408_419_76_271_388_311_31_268_357_323_318_38_40,231_230_408_419_76_271_388_311_31_268_357_323_318_38_40
307_238_391_351_337_182_186_347_403_243_212_25_252_245_37_54_357_323_318_38_40,307_238_391_351_337_182_186_347_403_243_212_25_252_245_37_54_357_323_318_38_40
351_337_182_186_347_403_243_212_25_252_245_37_54_357_323_318_38_40,351_337_182_186_347_403_243_212_25_252_245_37_54_357_323_318_38_40
390_400_405_171_243_212_25_252_245_37_54_357_323_318_38_40,390_401
390_400_405_171_243_212_25_252_245_37_54_357_323_318_38_40,390_401
427_391_351_337_182_186_347_403_243_212_25_252_245_37_54_357_323_318_38_40,427_391_351_337_182_186_347_403_243_212_25_252_245_37_54_357_323_318_38_40
1_338_154_174_364_178_180_337_182_186_347_403_243_212_25_252_245_37_54,1_338_154_174_364_178_180_337_182_186_347_403_243_212_25_252_245_37_54
426_117_139_109_45_46_321_26_28_367_286_312_50_51_53_55,426_118_119
124_11_125_127_61_325_28_367_286_312_50_51_53_55_57,124_11_125_127_61_325_29_328_240_245_37_53_55_57
124_11_125_127_61_325_28_367_286_312_48_316_317_324_341_342_70,124_11_125_127_61_325_28_367_286_312_48_316_317_324_341_342_70
390_400_405_171_243_212_25_252_245_37_54_358_341_342_71,390_401
0_330_338_154_174_364_178_180_337_182_186_347_403_243_212_25_252_245_37_54_358_341_342_71_345_282_77,0_330_338_154_174_364_178_180_337_182_186_347_403_243_212_25_252_245_37_54_358_341_342_71_345_282_77
0_330_338_154_174_364_178_180_337_182_186_347_403_243_212_25_252_245_37_54_358_341_342_71_345_282_77,0_330_338_154_174_364_178_180_337_182_186_347_403_243_212_25_252_245_37_54_358_341_342_71_345_282_77
1_338_154_174_364_178_180_337_182_186_347_403_243_212_25_252_245_37_54_358_341_342_71_345_282_77,1_338_154_174_364_178_180_337_182_186_347_403_243_212_25_252_245_37_54_358_341_342_71_345_282_77
354_414_416_91_88_221_382_383_274_308_332_408_419_75_77,354_414_416_91_88_221_382_383_274_308_332_408_419_75_77
354_414_416_91_88_221_381_106_99_226_228_333_308_332_408_419_75_77,354_414_416_91_88_221_382_383_274_308_332_408_419_75_77
390_400_405_171_243_212_25_252_245_37_54_358_341_342_71_345_282_77,390_401
1_338_154_174_364_178_180_337_182_186_347_403_243_212_25_252_245_37_54_358_341_342_71_345_282_78,1_338_154_174_364_178_180_337_182_186_347_403_243_212_25_252_245_37_54_358_341_342_71_345_282_78
1_338_154_174_364_178_180_337_182_186_347_403_243_212_25_252_245_37_54_358_341_342_71_345_282_78,1_338_154_174_364_178_180_337_182_186_347_403_243_212_25_252_245_37_54_358_341_342_71_345_282_78
22_213_125_127_61_325_28_367_286_312_48_316_317_324_341_342_71_345_282_78,22_214_11_125_127_61_325_28_367_286_312_48_316_317_324_341_342_71_345_282_78
124_11_125_127_61_325_28_367_286_312_48_316_317_324_341_342_71_345_282_78,124_11_125_127_61_325_28_367_286_312_48_316_317_324_341_342_71_345_282_78
138_405_171_243_212_25_252_245_37_54_358_341_342_71_345_282_78,138_405_171_243_212_25_252_245_37_54_358_341_342_71_345_282_78
138_405_171_243_212_25_252_245_37_54_358_341_342_71_345_282_78,138_405_171_243_212_25_252_245_37_54_358_341_342_71_345_282_78
178_180_337_182_186_347_403_243_212_25_252_245_37_54_358_341_342_71_345_282_78,178_180_337_182_186_347_403_243_212_25_252_245_37_54_358_341_342_71_345_282_78
182_186_347_403_243_212_25_252_245_37_54_358_341_342_71_345_282_78,182_186_347_403_243_212_25_252_245_37_54_358_341_342_71_345_282_78
231_230_408_419_76_271_388_311_30_33_342_71_345_282_78,231_230_408_419_75_78
231_230_408_419_76_271_388_311_31_268_358_341_342_71_345_282_78,231_230_408_419_75_78
231_230_408_419_76_271_388_311_31_268_358_341_342_71_345_282_78,231_230_408_419_75_78
321_26_29_328_240_245_37_54_358_341_342_71_345_282_78,321_26_28_367_286_312_48_316_317_324_341_342_71_345_282_78
354_414_416_91_88_221_382_383_274_308_332_408_419_75_78,354_414_416_91_88_221_382_383_274_308_332_408_419_75_78
403_243_212_25_252_245_37_54_358_341_342_71_345_282_78,403_243_212_25_252_245_37_54_358_341_342_71_345_282_78
427_391_350_237_305_349_290_365_404_194_174_364_178_180_337_182_186_347_403_243_212_25_252_245_37_54_358_341_342_71_345_282_78,427_391_351_337_182_186_347_403_243_212_25_252_245_37_54_358_341_342_71_345_282_78
124_11_125_127_61_325_28_367_286_312_48_316_317_324_341_342_71_344_270_273_386_262_265_334_95_275_216_90,124_11_125_127_61_325_28_367_286_312_48_316_317_324_340_32_310_387_339_273_386_262_265_334_95_275_216_90
125_127_61_325_28_367_286_312_48_316_317_324_340_32_310_387_339_273_386_262_265_334_95_275_216_90,125_127_61_325_28_367_286_312_48_316_317_324_340_32_310_387_339_273_386_262_265_334_95_275_216_90
138_405_171_243_212_25_252_245_37_54_358_340_32_310_387_339_273_386_262_265_334_95_275_216_90,138_405_171_243_212_25_252_245_37_54_358_340_32_310_387_339_273_386_262_265_334_95_275_216_90
286_312_48_316_317_324_340_32_310_387_339_273_386_262_265_334_95_275_216_90,286_312_48_316_317_324_340_32_310_387_339_273_386_262_265_334_95_275_216_90
367_286_312_48_316_317_324_340_32_310_387_339_273_386_262_265_334_95_275_216_90,367_286_312_48_316_317_324_340_32_310_387_339_273_386_262_265_334_95_275_216_90
231_230_408_419_76_271_388_311_31_268_357_323_319_315_52_374_241_129,231_230_408_419_76_271_388_311_31_267_56_35_152_249_251_129
231_230_408_419_76_271_388_311_31_267_56_34_36_374_241_129,231_230_408_419_76_271_388_311_31_267_56_35_152_249_251_129
1_338_154_174_364_178_180_337_182_186_347_403_243_211_135,1_338_154_174_364_178_180_337_182_186_347_403_243_211_135
1_338_154_174_364_178_180_337_182_186_347_403_243_211_135,1_338_154_174_364_178_180_337_182_186_347_403_243_211_135
231_230_408_419_76_271_388_311_31_267_56_35_152_250_243_211_135,231_230_408_419_76_271_388_311_31_267_56_35_152_250_243_211_135
231_230_408_419_76_271_388_311_31_267_56_35_152_250_243_211_135,231_230_408_419_76_271_388_311_31_267_56_35_152_250_243_211_135
231_230_408_419_76_271_388_311_31_267_56_35_152_250_243_211_135,231_230_408_419_76_271_388_311_31_267_56_35_152_250_243_211_135
231_230_408_419_76_271_388_311_31_267_56_35_152_250_243_211_135,231_230_408_419_76_271_388_311_31_267_56_35_152_250_243_211_135
231_230_408_419_76_271_388_311_31_267_56_35_152_250_243_211_135,231_230_408_419_76_271_388_311_31_267_56_35_152_250_243_211_135
1_338_154_174_364_178_180_337_182_186_347_403_243_211_136,1_338_154_174_364_178_180_337_182_186_347_403_243_211_136
1_338_154_174_364_178_180_337_182_186_347_403_243_211_136,1_338_154_174_364_178_180_337_182_186_347_403_243_211_136
1_338_154_174_364_178_180_337_182_186_347_403_243_211_136,1_338_154_174_364_178_180_337_182_186_347_403_243_211_136
1_338_154_174_364_178_180_337_182_186_347_403_243_211_136,1_338_154_174_364_178_180_337_182_186_347_403_243_211_136
1_338_154_174_364_178_180_337_182_186_347_403_243_211_136,1_338_154_174_364_178_180_337_182_186_347_403_243_211_136
231_230_408_419_76_271_388_311_31_267_56_35_152_250_243_211_136,231_230_408_419_76_271_388_311_31_267_56_35_152_250_243_211_136
231_230_408_419_76_271_388_311_31_267_56_35_152_250_243_211_136,231_230_408_419_76_271_388_311_31_267_56_35_152_250_243_211_136
231_230_408_419_76_271_388_311_31_267_56_35_152_250_243_211_136,231_230_408_419_76_271_388_311_31_267_56_35_152_250_243_211_136
307_238_392_393_396_204_206_203_190_397_351_337_182_186_347_403_243_211_136,307_238_391_351_337_182_186_347_403_243_211_136
1_338_154_174_364_178_180_337_181_183_185_177_404_195_141,1_338_154_174_365_404_195_141
32_309_311_31_267_56_35_152_250_242_356_362_193_185_177_404_195_141,32_310_388_311_31_267_56_35_152_250_242_356_362_193_185_177_404_195_141
46_321_26_29_328_240_244_151_85_292_293_294_296_203_190_397_350_237_305_349_290_365_404_195_141,46_320_66_67
46_321_26_29_328_240_244_152_250_242_356_362_193_185_177_404_195_141,46_320_66_67
64_46_321_26_29_328_240_244_152_250_242_356_362_193_185_177_404_195_141,64_47_370
64_46_321_26_29_328_240_244_152_250_242_356_362_193_185_177_404_195_141,64_47_370
76_271_388_311_31_267_56_35_152_250_242_356_362_193_185_177_404_195_141,76_271_388_311_31_267_56_35_152_250_242_356_362_193_185_177_404_195_141
76_271_388_311_31_267_56_35_152_250_242_356_362_193_185_177_404_195_141,76_271_388_311_31_267_56_35_152_250_242_356_362_193_185_177_404_195_141
76_271_388_311_31_267_56_35_152_250_242_356_362_193_185_177_404_195_141,76_271_388_311_31_267_56_35_152_250_242_356_362_193_185_177_404_195_141
76_271_388_311_31_267_56_35_152_250_242_356_362_193_185_177_404_195_141,76_271_388_311_31_267_56_35_152_250_242_356_362_193_185_177_404_195_141
81_292_293_294_296_203_190_397_350_237_305_349_290_365_404_195_141,81_292_293_294_296_203_190_397_351_337_181_184
230_408_419_76_271_388_311_31_267_56_35_152_250_242_356_362_193_185_177_404_195_141,230_408_419_76_271_388_311_31_267_56_35_152_250_242_356_362_193_185_177_404_195_141
231_230_408_419_76_271_388_311_31_267_56_35_152_250_242_356_362_193_185_177_404_195_141,231_230_408_419_76_271_388_311_31_267_56_35_152_250_242_356_362_193_185_177_404_195_141
231_230_408_419_76_271_388_311_31_267_56_35_152_250_242_356_362_193_185_177_404_195_141,231_230_408_419_76_271_388_311_31_267_56_35_152_250_242_356_362_193_185_177_404_195_141
231_230_408_419_76_271_388_311_31_267_56_35_152_250_242_356_362_193_185_177_404_195_141,231_230_408_419_76_271_388_311_31_267_56_35_152_250_242_356_362_193_185_177_404_195_141
231_230_408_419_76_271_388_311_31_267_56_35_152_250_242_356_362_193_185_177_404_195_141,231_230_408_419_76_271_388_311_31_267_56_35_152_250_242_356_362_193_185_177_404_195_141
231_230_408_419_76_271_388_311_31_267_56_35_152_250_242_356_362_193_185_177_404_195_141,231_230_408_419_76_271_388_311_31_267_56_35_152_250_242_356_362_193_185_177_404_195_141
231_230_408_419_76_271_388_311_31_267_56_35_152_250_242_356_362_193_185_177_404_195_141,231_230_408_419_76_271_388_311_31_267_56_35_152_250_242_356_362_193_185_177_404_195_141
231_230_408_419_76_271_388_311_31_267_56_35_152_250_242_356_362_193_185_177_404_195_141,231_230_408_419_76_271_388_311_31_267_56_35_152_250_242_356_362_193_185_177_404_195_141
231_230_408_419_76_271_388_311_31_267_56_35_152_250_242_356_362_193_185_177_404_195_141,231_230_408_419_76_271_388_311_31_267_56_35_152_250_242_356_362_193_185_177_404_195_141
231_230_408_419_76_271_388_311_31_267_56_35_152_250_242_356_362_193_185_177_404_195_141,231_230_408_419_76_271_388_311_31_267_56_35_152_250_242_356_362_193_185_177_404_195_141
231_230_408_419_76_271_388_311_31_267_56_35_152_250_242_356_362_193_185_177_404_195_141,231_230_408_419_76_271_388_311_31_267_56_35_152_250_242_356_362_193_185_177_404_195_141
231_230_408_419_76_271_388_311_31_267_56_35_152_250_242_356_362_193_185_177_404_195_141,231_230_408_419_76_271_388_311_31_267_56_35_152_250_242_356_362_193_185_177_404_195_141
231_230_408_419_76_271_388_311_31_267_56_35_152_250_242_356_362_193_185_177_404_195_141,231_230_408_419_76_271_388_311_31_267_56_35_152_250_242_356_362_193_185_177_404_195_141
231_230_408_419_76_271_388_311_31_267_56_35_152_250_242_356_362_193_185_177_404_195_141,231_230_408_419_76_271_388_311_31_267_56_35_152_250_242_356_362_193_185_177_404_195_141
231_230_408_419_76_271_388_311_31_267_56_35_152_250_242_356_362_193_185_177_404_195_141,231_230_408_419_76_271_388_311_31_267_56_35_152_250_242_356_362_193_185_177_404_195_141
233_344_271_388_311_31_267_56_35_152_250_242_356_362_193_185_177_404_195_141,233_344_271_388_311_31_267_56_35_152_250_242_356_362_193_185_177_404_195_141
233_344_271_388_311_31_267_56_35_152_250_242_356_362_193_185_177_404_195_141,233_344_271_388_311_31_267_56_35_152_250_242_356_362_193_185_177_404_195_141
233_344_271_388_311_31_267_56_35_152_250_242_356_362_193_185_177_404_195_141,233_344_271_388_311_31_267_56_35_152_250_242_356_362_193_185_177_404_195_141
233_344_271_388_311_31_267_56_35_152_250_242_356_362_193_185_177_404_195_141,233_344_271_388_311_31_267_56_35_152_250_242_356_362_193_185_177_404_195_141
243_212_25_252_244_151_85_292_293_294_296_203_190_397_351_337_181_183_185_177_404_195_141,243_211_135_390_401
271_388_311_31_267_56_35_152_250_242_356_362_193_185_177_404_195_141,271_388_311_31_267_56_35_152_250_242_356_362_193_185_177_404_195_141
309_311_31_267_56_35_152_250_242_356_362_193_185_177_404_195_141,309_311_31_267_56_35_152_250_242_356_362_193_185_177_404_195_141
311_31_267_56_35_152_250_242_356_362_193_185_177_404_195_141,311_31_267_56_35_152_250_242_356_362_193_185_177_404_195_141
388_311_31_267_56_35_152_250_242_356_362_193_185_177_404_195_141,388_311_31_267_56_35_152_250_242_356_362_193_185_177_404_195_141
23_25_252_244_151_85_292_293_294_296_203_190_397_350_237_305_348_142_144_146,23_25_252_244_151_85_292_293_294_296_203_190_397_350_237_305_348_142_144_146
127_61_325_29_328_240_244_151_85_292_293_294_296_203_190_397_350_237_305_348_142_144_146,127_59_62_3_5_7
151_85_292_293_294_296_203_190_397_350_237_305_348_142_144_146,151_85_292_293_294_296_203_190_397_350_237_305_348_142_144_146
231_230_408_419_76_271_388_311_31_267_56_35_151_85_292_293_294_296_203_190_397_350_237_305_348_142_144_146,231_230_408_419_76_271_388_311_31_267_56_35_151_85_292_293_294_296_203_190_397_350_237_305_348_142_144_146
390_400_405_172_356_362_192_346_187_189_190_397_350_237_305_348_142_144_146,390_401
390_400_405_172_356_362_193_185_177_404_194_173_142_144_146,390_401
390_400_405_172_356_362_193_185_177_404_194_173_142_144_146,390_401
390_400_405_172_356_362_193_185_177_404_194_173_142_144_146,390_401
427_392_393_396_204_206_203_190_397_350_237_305_348_142_144_146,427_391_350_237_305_348_142_144_146
58_83_85_292_293_294_296_203_190_397_350_237_305_348_142_144_146_148,58_83_85_292_293_294_296_203_190_397_350_237_305_348_142_144_146_148
231_230_408_419_76_271_388_311_31_267_56_35_151_85_292_293_294_296_203_190_397_350_237_305_348_142_144_146_148,231_230_408_419_76_271_388_311_31_266_379
390_400_405_172_356_362_193_185_177_404_194_173_142_144_146_148,390_401
390_400_405_172_356_362_193_185_177_404_194_173_142_144_146_148,390_401
390_400_405_172_356_362_193_185_177_404_194_173_142_144_146_148,390_401
390_400_405_172_356_362_193_185_177_404_194_173_142_144_146_148,390_401
390_400_405_172_356_362_193_185_177_404_194_173_142_144_146_148,390_401
390_400_405_172_356_362_193_185_177_404_194_173_142_144_146_148,390_401
138_405_172_356_362_193_185_177_404_194_173_143_167_407_157,138_405_172_356_362_193_185_177_404_194_173_143_167_407_157
152_250_242_356_362_193_185_177_404_194_173_143_167_407_157,152_250_242_356_362_193_185_177_404_194_173_143_167_407_157
390_400_405_172_356_362_193_185_177_404_194_173_143_167_407_157,390_401
390_400_405_172_356_362_193_185_177_404_194_173_143_167_407_157,390_401
58_83_85_292_293_294_296_203_190_397_350_237_305_348_143_167_407_157_159,58_83_85_292_293_294_296_203_190_397_350_237_305_348_143_167_407_157_159
120_41_43_45_46_321_26_29_328_240_244_151_85_292_293_294_296_203_190_397_350_237_305_348_143_167_407_157_159,120_41_43_45_46_321_26_29_328_240_244_151_85_292_293_294_296_203_190_397_350_237_305_348_143_167_407_157_159
138_405_172_356_362_193_185_177_404_194_173_143_167_407_157_159,138_405_172_356_362_193_185_177_404_194_173_143_167_407_157_159
231_230_408_419_76_271_388_311_31_267_56_35_152_250_242_356_362_193_185_177_404_194_173_143_167_407_157_159,231_230_408_419_76_271_388_311_31_267_56_35_151_85_292_293_294_296_203_190_397_350_237_305_348_143_167_407_157_159
231_230_408_419_76_271_388_311_31_267_56_35_151_85_292_293_294_296_203_190_397_350_237_305_348_143_167_407_157_159,231_230_408_419_76_271_388_311_31_267_56_35_151_85_292_293_294_296_203_190_397_350_237_305_348_143_167_407_157_159
240_244_151_85_292_293_294_296_203_190_397_350_237_305_348_143_167_407_157_159,240_244_151_85_292_293_294_296_203_190_397_350_237_305_348_143_167_407_157_159
240_244_151_85_292_293_294_296_203_190_397_350_237_305_348_143_167_407_157_159,240_244_151_85_292_293_294_296_203_190_397_350_237_305_348_143_167_407_157_159
261_294_296_203_190_397_350_237_305_348_143_167_407_157_159,261_294_296_203_190_397_350_237_305_348_143_167_407_157_159
261_294_296_203_190_397_350_237_305_348_143_167_407_157_159,261_294_296_203_190_397_350_237_305_348_143_167_407_157_159
377_39_315_52_374_240_244_151_85_292_293_294_296_203_190_397_350_237_305_348_143_167_407_157_159,377_39_315_52_374_240_244_151_85_292_293_294_296_203_190_397_350_237_305_348_143_167_407_157_159
390_400_405_172_356_362_193_185_177_404_194_173_143_167_407_157_159,390_401
390_400_405_172_356_362_193_185_177_404_194_173_142_144_147_162_164_160,390_401
58_83_85_292_293_294_296_203_190_397_350_237_305_348_143_167_407_157_158_160_161,58_83_85_292_293_294_296_203_190_397_350_237_305_348_143_167_407_157_159_169_161
23_25_252_244_151_85_292_293_294_296_203_190_397_350_237_305_348_143_167,23_25_252_244_151_85_292_293_294_296_203_190_397_350_237_305_348_143_167
45_46_321_26_29_328_240_244_151_85_292_293_294_296_203_190_397_350_237_305_348_143_166_163_168,45_46_321_26_29_328_240_244_151_85_292_293_294_296_203_190_397_350_237_305_348_143_166_163_168
138_405_172_356_362_193_185_177_404_194_173_143_166_163_168,138_405_172_356_362_193_185_177_404_194_173_142_144_147_163_168
231_230_408_419_76_271_388_311_31_267_56_35_151_85_292_293_294_296_203_190_397_350_237_305_348_143_166_163_168,231_230_408_419_76_271_388_311_31_266_379
1_338_154_174_364_178_179_208_237_305_348_143_167_407_157_159_169,1_338_154_173_143_167_407_157_159_169
23_25_252_244_151_85_292_293_294_296_203_190_397_350_237_305_348_143_167_407_157_159_169,23_25_252_244_151_85_292_293_294_296_203_190_397_350_237_305_348_143_167_407_157_159_169
41_43_45_46_321_26_29_328_240_244_151_85_292_293_294_296_203_190_397_350_237_305_348_143_167_407_157_159_169,41_43_45_46_321_26_29_328_240_244_151_85_292_293_294_296_203_190_397_350_237_305_348_143_167_407_157_159_169
120_41_43_45_46_321_26_29_328_240_244_151_85_292_293_294_296_203_190_397_350_237_305_348_143_167_407_157_159_169,120_41_43_45_46_321_26_29_328_240_244_151_85_292_293_294_296_203_190_397_350_237_305_348_143_167_407_157_159_169
133_135_390_400_405_172_356_362_193_185_177_404_194_173_143_167_407_157_159_169,133_135_390_401
138_405_172_356_362_193_185_177_404_194_173_143_167_407_157_159_169,138_405_172_356_362_193_185_177_404_194_173_143_167_407_157_159_169
198_296_203_190_397_350_237_305_348_143_167_407_157_159_169,198_296_203_190_397_350_237_305_348_143_167_407_157_159_169
198_296_203_190_397_350_237_305_348_143_167_407_157_159_169,198_296_203_190_397_350_237_305_348_143_167_407_157_159_169
198_296_203_190_397_350_237_305_348_143_167_407_157_159_169,198_296_203_190_397_350_237_305_348_143_167_407_157_159_169
214_11_125_127_61_325_29_328_240_244_151_85_292_293_294_296_203_190_397_350_237_305_348_143_167_407_157_159_169,214_12_123_20_121_15_17_278
231_230_408_419_76_271_388_311_31_267_56_35_151_85_292_293_294_296_203_190_397_350_237_305_348_143_167_407_157_159_169,231_230_408_419_76_271_388_311_31_266_379
231_230_408_419_76_271_388_311_31_267_56_35_151_85_292_293_294_296_203_190_397_350_237_305_348_143_167_407_157_159_169,231_230_408_419_76_271_388_311_31_266_379
294_296_203_190_397_350_237_305_348_143_167_407_157_159_169,294_296_203_190_397_350_237_305_348_143_167_407_157_159_169
390_400_405_172_356_362_193_185_177_404_194_173_143_167_407_157_159_169,390_401
390_400_405_172_356_362_193_185_177_404_194_173_143_167_407_157_159_169,390_401
390_400_405_172_356_362_192_346_187_189_190_397_350_237_305_348_143_167_407_157_159_169,390_401
390_400_405_172_356_362_193_185_177_404_194_173_143_167_407_157_159_169,390_401
405_172_356_362_193_185_177_404_194_173_143_167_407_157_159_169,405_172_356_362_193_185_177_404_194_173_143_167_407_157_159_169
405_172_356_362_192_346_187_189_190_397_350_237_305_348_143_167_407_157_159_169,405_172_356_362_193_185_177_404_194_173_143_167_407_157_159_169
0_330_338_154_174_364_178_179_208_237_305_348_143_167_407_157_159_170,0_330_338_154_173_143_167_407_157_159_170
1_338_154_174_364_178_180_337_182_187_189_190_397_350_237_305_348_143_167_407_157_159_170,1_338_154_173_143_167_407_157_159_170
23_25_252_244_151_85_292_293_294_296_203_190_397_350_237_305_348_143_167_407_157_159_170,23_25_252_244_151_85_292_293_294_296_203_190_397_350_237_305_348_143_167_407_157_159_170
23_25_252_244_151_85_292_293_294_296_203_190_397_350_237_305_348_143_167_407_157_159_170,23_25_252_244_151_85_292_293_294_296_203_190_397_350_237_305_348_143_167_407_157_159_170
29_328_240_244_151_85_292_293_294_296_203_190_397_350_237_305_348_143_167_407_157_159_170,29_328_240_244_151_85_292_293_294_296_203_190_397_350_237_305_348_143_167_407_157_159_170
41_43_45_46_321_26_29_328_240_244_151_85_292_293_294_296_203_190_397_350_237_305_348_143_167_407_157_159_170,41_43_45_46_321_26_29_328_240_244_151_85_292_293_294_296_203_190_397_350_237_305_348_143_167_407_157_159_170
41_43_45_46_321_26_29_328_240_244_151_85_292_293_294_296_203_190_397_350_237_305_348_143_167_407_157_159_170,41_43_45_46_321_26_29_328_240_244_151_85_292_293_294_296_203_190_397_350_237_305_348_143_167_407_157_159_170
41_43_45_46_321_26_29_328_240_244_151_85_292_293_294_296_203_190_397_350_237_305_348_143_167_407_157_159_170,41_43_45_46_321_26_29_328_240_244_151_85_292_293_294_296_203_190_397_350_237_305_348_143_167_407_157_159_170
41_43_45_46_321_26_29_328_240_244_151_85_292_293_294_296_203_190_397_350_237_305_348_143_167_407_157_159_170,41_43_45_46_321_26_29_328_240_244_151_85_292_293_294_296_203_190_397_350_237_305_348_143_167_407_157_159_170
51_53_56_35_151_85_292_293_294_296_203_190_397_350_237_305_348_143_167_407_157_159_170,51_53_56_35_151_85_292_293_294_296_203_190_397_350_237_305_348_143_167_407_157_159_170
58_83_85_292_293_294_296_203_190_397_350_237_305_348_143_167_407_157_159_170,58_83_85_292_293_294_296_203_190_397_350_237_305_348_143_167_407_157_159_170
58_83_85_292_293_294_296_203_190_397_350_237_305_348_143_167_407_157_159_170,58_83_85_292_293_294_296_203_190_397_350_237_305_348_143_167_407_157_159_170
58_83_85_292_293_294_296_203_190_397_350_237_305_348_143_167_407_157_159_170,58_83_85_292_293_294_296_203_190_397_350_237_305_348_143_167_407_157_159_170
61_325_29_328_240_244_151_85_292_293_294_296_203_190_397_350_237_305_348_143_167_407_157_159_170,61_325_29_328_240_244_151_85_292_293_294_296_203_190_397_350_237_305_348_143_167_407_157_159_170
64_46_321_26_29_328_240_244_151_85_292_293_294_296_203_190_397_350_237_305_348_143_167_407_157_159_170,64_47_370
81_292_293_294_296_203_190_397_350_237_305_348_143_167_407_157_159_170,81_292_293_294_296_203_190_397_350_237_305_348_143_167_407_157_159_170
81_292_293_294_296_203_190_397_350_237_305_348_143_167_407_157_159_170,81_292_293_294_296_203_190_397_350_237_305_348_143_167_407_157_159_170
127_61_325_29_328_240_244_151_85_292_293_294_296_203_190_397_350_237_305_348_143_167_407_157_159_170,127_59_62_3_5_7
137_192_346_187_189_190_397_350_237_305_348_143_167_407_157_159_170,137_193_185_177_404_194_173_143_167_407_157_159_170
138_405_171_243_212_25_252_244_151_85_292_293_294_296_203_190_397_350_237_305_348_143_167_407_157_159_170,138_405_172_356_362_193_185_177_404_194_173_143_167_407_157_159_170
138_405_172_356_362_193_185_177_404_194_173_143_167_407_157_159_170,138_405_172_356_362_193_185_177_404_194_173_143_167_407_157_159_170
138_405_172_356_362_193_185_177_404_194_173_143_167_407_157_159_170,138_405_172_356_362_193_185_177_404_194_173_143_167_407_157_159_170
149_349_290_364_178_179_208_237_305_348_143_167_407_157_159_170,149_348_143_167_407_157_159_170
151_85_292_293_294_296_203_190_397_350_237_305_348_143_167_407_157_159_170,151_85_292_293_294_296_203_190_397_350_237_305_348_143_167_407_157_159_170
172_356_362_193_185_177_404_194_173_143_167_407_157_159_170,172_356_362_193_185_177_404_194_173_143_167_407_157_159_170
179_208_236_238_391_350_237_305_348_143_167_407_157_159_170,179_209
192_346_187_189_190_397_350_237_305_348_143_167_407_157_159_170,192_346_187_189_190_397_350_237_305_348_143_167_407_157_159_170
192_346_187_189_190_397_350_237_305_348_143_167_407_157_159_170,192_346_187_189_190_397_350_237_305_348_143_167_407_157_159_170
192_346_187_189_190_397_350_237_305_348_143_167_407_157_159_170,192_346_187_189_190_397_350_237_305_348_143_167_407_157_159_170
192_346_187_189_190_397_350_237_305_348_143_167_407_157_159_170,192_346_187_189_190_397_350_237_305_348_143_167_407_157_159_170
198_296_203_190_397_350_237_305_348_143_167_407_157_159_170,198_296_203_190_397_350_237_305_348_143_167_407_157_159_170
198_296_203_190_397_350_237_305_348_143_167_407_157_159_170,198_296_203_190_397_350_237_305_348_143_167_407_157_159_170
198_296_203_190_397_350_237_305_348_143_167_407_157_159_170,198_296_203_190_397_350_237_305_348_143_167_407_157_159_170
198_296_203_190_397_350_237_305_348_143_167_407_157_159_170,198_296_203_190_397_350_237_305_348_143_167_407_157_159_170
198_296_203_190_397_350_237_305_348_143_167_407_157_159_170,198_296_203_190_397_350_237_305_348_143_167_407_157_159_170
198_296_203_190_397_350_237_305_348_143_167_407_157_159_170,198_296_203_190_397_350_237_305_348_143_167_407_157_159_170
198_296_203_190_397_350_237_305_348_143_167_407_157_159_170,198_296_203_190_397_350_237_305_348_143_167_407_157_159_170
198_296_203_190_397_350_237_305_348_143_167_407_157_159_170,198_296_203_190_397_350_237_305_348_143_167_407_157_159_170
231_230_408_419_76_271_388_311_31_267_56_35_151_85_292_293_294_296_203_190_397_350_237_305_348_143_167_407_157_159_170,231_230_408_419_76_271_388_311_31_267_56_35_151_85_292_293_294_296_203_190_397_350_237_305_348_143_167_407_157_159_170
231_230_408_419_76_271_388_311_31_267_56_35_151_85_292_293_294_296_203_190_397_350_237_305_348_143_167_407_157_159_170,231_230_408_419_76_271_388_311_31_267_56_35_151_85_292_293_294_296_203_190_397_350_237_305_348_143_167_407_157_159_170
231_230_408_419_76_271_388_311_31_267_56_35_151_85_292_293_294_296_203_190_397_350_237_305_348_143_167_407_157_159_170,231_230_408_419_76_271_388_311_31_267_56_35_151_85_292_293_294_296_203_190_397_350_237_305_348_143_167_407_157_159_170
231_230_408_419_76_271_388_311_31_267_56_35_151_85_292_293_294_296_203_190_397_350_237_305_348_143_167_407_157_159_170,231_230_408_419_76_271_388_311_31_267_56_35_151_85_292_293_294_296_203_190_397_350_237_305_348_143_167_407_157_159_170
231_230_408_419_76_271_388_311_31_267_56_35_151_85_292_293_294_296_203_190_397_350_237_305_348_143_167_407_157_159_170,231_230_408_419_76_271_388_311_31_267_56_35_151_85_292_293_294_296_203_190_397_350_237_305_348_143_167_407_157_159_170
236_238_391_350_237_305_348_142_144_147_162_165_407_157_159_170,236_238_391_350_237_305_348_143_167_407_157_159_170
261_294_296_203_190_397_350_237_305_348_143_167_407_157_159_170,261_294_296_203_190_397_350_237_305_348_143_167_407_157_159_170
261_294_296_203_190_397_350_237_305_348_143_167_407_157_159_170,261_294_296_203_190_397_350_237_305_348_143_167_407_157_159_170
261_294_296_203_190_397_350_237_305_348_143_167_407_157_159_170,261_294_296_203_190_397_350_237_305_348_143_167_407_157_159_170
261_294_296_203_190_397_350_237_305_348_143_167_407_157_159_170,261_294_296_203_190_397_350_237_305_348_143_167_407_157_159_170
261_294_296_203_190_397_350_237_305_348_143_167_407_157_159_170,261_294_296_203_190_397_350_237_305_348_143_167_407_157_159_170
261_294_296_203_190_397_350_237_305_348_143_167_407_157_159_170,261_294_296_203_190_397_350_237_305_348_143_167_407_157_159_170
294_296_203_190_397_350_237_305_348_143_167_407_157_159_170,294_296_203_190_397_350_237_305_348_143_167_407_157_159_170
294_296_203_190_397_350_237_305_348_143_167_407_157_159_170,294_296_203_190_397_350_237_305_348_143_167_407_157_159_170
294_296_203_190_397_350_237_305_348_143_167_407_157_159_170,294_296_203_190_397_350_237_305_348_143_167_407_157_159_170
294_296_203_190_397_350_237_305_348_143_167_407_157_159_170,294_296_203_190_397_350_237_305_348_143_167_407_157_159_170
294_296_203_190_397_350_237_305_348_143_167_407_157_159_170,294_296_203_190_397_350_237_305_348_143_167_407_157_159_170
294_296_203_190_397_350_237_305_348_143_167_407_157_159_170,294_296_203_190_397_350_237_305_348_143_167_407_157_159_170
299_293_294_296_203_190_397_350_237_305_348_143_167_407_157_159_170,299_293_294_296_203_190_397_350_237_305_348_143_167_407_157_159_170
328_240_244_151_85_292_293_294_296_203_190_397_350_237_305_348_143_167_407_157_159_170,328_240_244_151_85_292_293_294_296_203_190_397_350_237_305_348_143_167_407_157_159_170
351_337_182_187_189_190_397_350_237_305_348_143_167_407_157_159_170,351_337_182_187_189_190_397_350_237_305_348_143_167_407_157_159_170
390_400_405_172_356_362_193_185_177_404_194_173_143_167_407_157_159_170,390_401
390_400_405_172_356_362_193_185_177_404_194_173_143_167_407_157_159_170,390_401
390_400_405_172_356_362_193_185_177_404_194_173_143_167_407_157_159_170,390_401
390_400_405_172_356_362_192_346_187_189_190_397_350_237_305_348_143_167_407_157_159_170,390_401
390_400_405_172_356_362_193_185_177_404_194_173_143_167_407_157_159_170,390_401
390_400_405_172_356_362_193_185_177_404_194_173_143_167_407_157_159_170,390_401
390_400_405_172_356_362_193_185_177_404_194_173_143_167_407_157_159_170,390_401
390_400_405_172_356_362_193_185_177_404_194_173_143_167_407_157_159_170,390_401
390_400_405_172_356_362_193_185_177_404_194_173_143_167_407_157_159_170,390_401
390_400_405_172_356_362_193_185_177_404_194_173_143_167_407_157_159_170,390_401
390_400_405_172_356_362_193_185_177_404_194_173_143_167_407_157_159_170,390_401
390_400_405_172_356_362_193_185_177_404_194_173_143_167_407_157_159_170,390_401
390_400_405_172_356_362_192_346_187_189_190_397_350_237_305_348_143_167_407_157_159_170,390_401
390_400_405_172_356_362_192_346_187_189_190_397_350_237_305_348_143_167_407_157_159_170,390_401
390_400_405_172_356_362_193_185_177_404_194_173_143_167_407_157_159_170,390_401
390_400_405_172_356_362_193_185_177_404_194_173_143_167_407_157_159_170,390_401
390_400_405_172_356_362_193_185_177_404_194_173_143_167_407_157_159_170,390_401
390_400_405_172_356_362_193_185_177_404_194_173_143_167_407_157_159_170,390_401
390_400_405_172_356_362_193_185_177_404_194_173_143_167_407_157_159_170,390_401
405_172_356_362_193_185_177_404_194_173_143_167_407_157_159_170,405_172_356_362_193_185_177_404_194_173_143_167_407_157_159_170
436_400_405_172_356_362_193_185_177_404_194_173_143_167_407_157_159_170,436_400_405_172_356_362_193_185_177_404_194_173_143_167_407_157_159_170
41_43_45_46_321_26_29_328_240_244_151_85_292_293_294_296_203_190_397_351_337_181_183,41_43_45_46_321_26_29_328_240_244_151_85_292_293_294_296_203_190_397_351_337_181_183
231_230_408_419_76_271_388_311_31_267_56_35_151_85_292_293_294_296_203_190_397_351_337_181_183,231_230_408_419_76_271_388_311_31_267_56_35_151_85_292_293_294_296_203_190_397_351_337_181_183
1_338_154_174_364_178_180_337_182_186_347_403_243_211_135_390_400_405_172_356_362_193_185,1_338_154_174_364_178_180_337_181_183_185
231_230_408_419_76_271_388_311_31_267_56_35_152_250_242_356_362_193_185,231_230_408_419_76_271_388_311_31_267_56_35_152_250_242_356_362_193_185
231_230_408_419_76_271_388_311_31_267_56_35_152_250_242_356_362_193_185,231_230_408_419_76_271_388_311_31_267_56_35_152_250_242_356_362_193_185
231_230_408_419_76_271_388_311_31_267_56_35_152_250_242_356_362_193_185,231_230_408_419_76_271_388_311_31_267_56_35_152_250_242_356_362_193_185
231_230_408_419_76_271_388_311_31_267_56_35_152_250_242_356_362_193_185,231_230_408_419_76_271_388_311_31_267_56_35_152_250_242_356_362_193_185
231_230_408_419_76_271_388_311_31_267_56_35_152_250_242_356_362_193_185,231_230_408_419_76_271_388_311_31_267_56_35_152_250_242_356_362_193_185
231_230_408_419_76_271_388_311_31_267_56_35_152_250_242_356_362_193_185,231_230_408_419_76_271_388_311_31_267_56_35_152_250_242_356_362_193_185
231_230_408_419_76_271_388_311_31_267_56_35_152_250_242_356_362_193_185,231_230_408_419_76_271_388_311_31_267_56_35_152_250_242_356_362_193_185
231_230_408_419_76_271_388_311_31_267_56_35_152_250_242_356_362_193_185,231_230_408_419_76_271_388_311_31_267_56_35_152_250_242_356_362_193_185
231_230_408_419_76_271_388_311_31_267_56_35_152_250_242_356_362_193_185,231_230_408_419_76_271_388_311_31_267_56_35_152_250_242_356_362_193_185
231_230_408_419_76_271_388_311_31_267_56_35_152_250_242_356_362_193_185,231_230_408_419_76_271_388_311_31_267_56_35_152_250_242_356_362_193_185
231_230_408_419_76_271_388_311_31_267_56_35_152_250_242_356_362_193_185,231_230_408_419_76_271_388_311_31_267_56_35_152_250_242_356_362_193_185
151_85_292_293_294_296_203_190_397_350_237_305_349_290_364_178_180_337_182_186,151_85_292_293_294_296_203_190_397_351_337_182_186
120_41_43_45_46_321_26_29_328_240_244_151_85_292_293_294_296_203_191,120_41_43_45_46_321_26_29_328_240_244_151_85_292_293_294_296_203_191
231_230_408_419_76_271_388_311_31_267_56_35_152_250_242_356_362_193,231_230_408_419_76_271_388_311_31_267_56_35_152_250_242_356_362_193
0_330_338_154_174_364_178_180_337_181_183_185_177_404_195,0_331_141_140_195
32_309_311_31_267_56_35_152_250_242_356_362_193_185_177_404_195,32_310_388_311_31_267_56_35_152_250_242_356_362_193_185_177_404_195
125_127_61_325_29_328_240_244_151_85_292_293_294_296_203_190_397_350_237_305_349_290_365_404_195,125_127_61_325_29_328_240_244_152_250_242_356_362_193_185_177_404_195
231_230_408_419_76_271_388_311_31_267_56_35_152_250_242_356_362_193_185_177_404_195,231_230_408_419_76_271_388_311_31_267_56_35_152_250_242_356_362_193_185_177_404_195
231_230_408_419_76_271_388_311_31_267_56_35_152_250_242_356_362_193_185_177_404_195,231_230_408_419_76_271_388_311_31_267_56_35_152_250_242_356_362_193_185_177_404_195
231_230_408_419_76_271_388_311_31_267_56_35_152_250_242_356_362_193_185_177_404_195,231_230_408_419_76_271_388_311_31_267_56_35_152_250_242_356_362_193_185_177_404_195
231_230_408_419_76_271_388_311_31_267_56_35_152_250_242_356_362_193_185_177_404_195,231_230_408_419_76_271_388_311_31_267_56_35_152_250_242_356_362_193_185_177_404_195
231_230_408_419_76_271_388_311_31_267_56_35_152_250_242_356_362_193_185_177_404_195,231_230_408_419_76_271_388_311_31_267_56_35_152_250_242_356_362_193_185_177_404_195
231_230_408_419_76_271_388_311_31_267_56_35_152_250_242_356_362_193_185_177_404_195,231_230_408_419_76_271_388_311_31_267_56_35_152_250_242_356_362_193_185_177_404_195
231_230_408_419_76_271_388_311_31_267_56_35_152_250_242_356_362_193_185_177_404_195,231_230_408_419_76_271_388_311_31_267_56_35_152_250_242_356_362_193_185_177_404_195
231_230_408_419_76_271_388_311_31_267_56_35_152_250_242_356_362_193_185_177_404_195,231_230_408_419_76_271_388_311_31_267_56_35_152_250_242_356_362_193_185_177_404_195
233_344_271_388_311_31_267_56_35_152_250_242_356_362_193_185_177_404_195,233_344_271_388_311_31_267_56_35_152_250_242_356_362_193_185_177_404_195
233_344_271_388_311_31_267_56_35_152_250_242_356_362_193_185_177_404_195,233_344_271_388_311_31_267_56_35_152_250_242_356_362_193_185_177_404_195
377_39_315_52_374_240_244_152_250_242_356_362_193_185_177_404_195,377_38_40_283_64_47_370
120_41_43_45_46_321_26_29_328_240_244_151_85_292_293_294_296_203,120_41_43_45_46_321_26_29_328_240_244_151_85_292_293_294_296_203
231_230_408_419_76_271_388_311_31_267_56_35_151_85_292_293_294_296_203,231_230_408_419_76_271_388_311_31_267_56_35_151_85_292_293_294_296_203
231_230_408_419_76_271_388_311_31_267_56_35_151_85_292_293_294_296_203,231_230_408_419_76_271_388_311_31_267_56_35_151_85_292_293_294_296_203
29_328_240_244_151_85_292_293_294_296_203_191_396_204_206,29_328_240_244_151_85_292_293_294_296_203_191_396_204_206
231_230_408_419_76_271_388_311_31_267_56_35_152_250_243_211,231_230_408_419_76_271_388_311_31_267_56_35_152_250_243_211
231_230_408_419_76_271_388_311_31_267_56_35_152_250_243_211,231_230_408_419_76_271_388_311_31_267_56_35_152_250_243_211
231_230_408_419_76_271_388_311_31_267_56_35_152_250_243_211,231_230_408_419_76_271_388_311_31_267_56_35_152_250_243_211
231_230_408_419_76_271_388_311_31_267_56_35_152_250_243_211,231_230_408_419_76_271_388_311_31_267_56_35_152_250_243_211
231_230_408_419_76_271_388_311_31_267_56_35_152_250_243_211,231_230_408_419_76_271_388_311_31_267_56_35_152_250_243_211
138_405_171_243_212_25_252_245_37_54_358_341_342_71_345_282_78_231_230,138_405_171_243_212_25_252_245_37_54_358_341_342_71_345_282_78_231_230
0_330_338_154_174_364_178_180_337_182_186_347_403_243_212_25_252_245_37_54_358_341_342_71_345_282_78_231,0_330_338_154_174_364_178_180_337_182_186_347_403_243_212_25_252_245_37_54_358_341_342_71_345_282_78_231
4_213_125_127_61_325_28_367_286_312_48_316_317_324_341_342_71_345_282_78_231,4_214_11_125_127_61_325_28_367_286_312_48_316_317_324_341_342_71_345_282_78_231
61_325_28_367_286_312_48_316_317_324_341_342_71_345_282_78_231,61_325_28_367_286_312_48_316_317_324_341_342_71_345_282_78_231
124_11_125_127_61_325_28_367_286_312_50_51_53_56_35_152_249_252_245_37_54_358_341_342_71_345_282_78_231,124_11_125_127_61_325_28_367_286_312_48_316_317_324_341_342_71_345_282_78_231
124_11_125_127_61_325_28_367_286_312_48_316_317_324_341_342_71_345_282_78_231,124_11_125_127_61_325_28_367_286_312_48_316_317_324_341_342_71_345_282_78_231
124_11_125_127_61_325_28_367_286_312_48_316_317_324_341_342_71_345_282_78_231,124_11_125_127_61_325_28_367_286_312_48_316_317_324_341_342_71_345_282_78_231
124_11_125_127_61_325_28_367_286_312_48_316_317_324_341_342_71_345_282_78_231,124_11_125_127_61_325_28_367_286_312_48_316_317_324_341_342_71_345_282_78_231
124_11_125_127_61_325_28_367_286_312_48_316_317_324_341_342_71_345_282_78_231,124_11_125_127_61_325_28_367_286_312_48_316_317_324_341_342_71_345_282_78_231
138_405_171_243_212_25_252_245_37_54_358_341_342_71_345_282_78_231,138_405_171_243_212_25_252_245_37_54_358_341_342_71_345_282_78_231
138_405_171_243_212_25_252_245_37_54_358_341_342_71_345_282_78_231,138_405_171_243_212_25_252_245_37_54_358_341_342_71_345_282_78_231
138_405_171_243_212_25_252_245_37_54_358_341_342_71_345_282_78_231,138_405_171_243_212_25_252_245_37_54_358_341_342_71_345_282_78_231
138_405_171_243_212_25_252_245_37_54_358_341_342_71_345_282_78_231,138_405_171_243_212_25_252_245_37_54_358_341_342_71_345_282_78_231
138_405_171_243_212_25_252_245_37_54_358_341_342_71_345_282_78_231,138_405_171_243_212_25_252_245_37_54_358_341_342_71_345_282_78_231
140_194_174_364_178_180_337_182_186_347_403_243_212_25_252_245_37_54_358_341_342_71_345_282_78_231,140_194_174_364_178_180_337_182_186_347_403_243_212_25_252_245_37_54_358_341_342_71_345_282_78_231
140_194_174_364_178_180_337_182_186_347_403_243_212_25_252_245_37_54_358_341_342_71_345_282_78_231,140_194_174_364_178_180_337_182_186_347_403_243_212_25_252_245_37_54_358_341_342_71_345_282_78_231
154_174_364_178_180_337_182_186_347_403_243_212_25_252_245_37_54_358_341_342_71_345_282_78_231,154_174_364_178_180_337_182_186_347_403_243_212_25_252_245_37_54_358_341_342_71_345_282_78_231
172_356_362_192_347_403_243_212_25_252_245_37_54_358_341_342_71_345_282_78_231,172_356_362_192_347_403_243_212_25_252_245_37_54_358_341_342_71_345_282_78_231
175_178_180_337_182_186_347_403_243_212_25_252_245_37_54_358_341_342_71_345_282_78_231,175_178_180_337_182_186_347_403_243_212_25_252_245_37_54_358_341_342_71_345_282_78_231
180_337_182_186_347_403_243_212_25_252_245_37_54_358_341_342_71_345_282_78_231,180_337_182_186_347_403_243_212_25_252_245_37_54_358_341_342_71_345_282_78_231
185_177_404_194_174_364_178_180_337_182_186_347_403_243_212_25_252_245_37_54_358_341_342_71_345_282_78_231,185_175_178_180_337_182_186_347_403_243_212_25_252_245_37_54_358_341_342_71_345_282_78_231
291_178_180_337_182_186_347_403_243_212_25_252_245_37_54_358_341_342_71_345_282_78_231,291_178_180_337_182_186_347_403_243_212_25_252_245_37_54_358_341_342_71_345_282_78_231
337_182_186_347_403_243_212_25_252_245_37_54_358_341_342_71_345_282_78_231,337_182_186_347_403_243_212_25_252_245_37_54_358_341_342_71_345_282_78_231
337_182_186_347_403_243_212_25_252_245_37_54_358_341_342_71_345_282_78_231,337_182_186_347_403_243_212_25_252_245_37_54_358_341_342_71_345_282_78_231
390_400_405_171_243_212_25_252_245_37_54_358_341_342_71_345_282_78_231,390_401
390_400_405_171_243_212_25_252_245_37_54_358_341_342_71_345_282_78_231,390_401
390_400_405_171_243_212_25_252_245_37_54_358_341_342_71_345_282_78_231,390_401
390_400_405_171_243_212_25_252_245_37_54_358_341_342_71_345_282_78_231,390_401
403_243_212_25_252_245_37_54_358_341_342_71_345_282_78_231,403_243_212_25_252_245_37_54_358_341_342_71_345_282_78_231
231_230_408_419_76_271_388_311_31_267_56_35_151_85_292_293_294_296_203_190_397_350_236,231_230_408_419_76_271_388_311_31_267_56_35_151_85_292_293_294_296_203_190_397_350_236
1_338_154_174_364_178_180_337_182_186_347_403_243_212_25_252_244_151_85_292_293_294_296_203_190_397_350_237,1_338_154_174_364_178_179_208_237
1_338_154_174_364_178_180_337_182_186_347_403_243_212_25_252_244_151_85_292_293_294_296_203_190_397_350_237,1_338_154_174_364_178_179_208_237
41_43_45_46_321_26_29_328_240_244_151_85_292_293_294_296_203_190_397_350_237,41_43_45_46_321_26_29_328_240_244_151_85_292_293_294_296_203_190_397_350_237
120_41_43_45_46_321_26_29_328_240_244_151_85_292_293_294_296_203_190_397_350_237,120_41_43_45_46_321_26_29_328_240_244_151_85_292_293_294_296_203_190_397_350_237
231_230_408_419_76_271_388_311_31_267_56_35_151_85_292_293_294_296_203_190_397_350_237,231_230_408_419_76_271_388_311_31_267_56_35_151_85_292_293_294_296_203_190_397_350_237
231_230_408_419_76_271_388_311_31_267_56_35_151_85_292_293_294_296_203_190_397_350_237,231_230_408_419_76_271_388_311_31_267_56_35_151_85_292_293_294_296_203_190_397_350_237
231_230_408_419_76_271_388_311_31_267_56_35_151_85_292_293_294_296_203_190_397_350_237,231_230_408_419_76_271_388_311_31_267_56_35_151_85_292_293_294_296_203_190_397_350_237
233_344_271_388_311_31_267_56_35_151_85_292_293_294_296_203_190_397_350_237,233_344_271_388_311_31_267_56_35_151_85_292_293_294_296_203_190_397_350_237
233_344_271_388_311_31_267_56_35_151_85_292_293_294_296_203_190_397_350_237,233_344_271_388_311_31_267_56_35_151_85_292_293_294_296_203_190_397_350_237
233_344_271_388_311_31_267_56_35_151_85_292_293_294_296_203_190_397_350_237,233_344_271_388_311_31_267_56_35_151_85_292_293_294_296_203_190_397_350_237
377_39_315_52_374_240_244_151_85_292_293_294_296_203_190_397_350_237,377_39_315_52_374_240_244_151_85_292_293_294_296_203_190_397_350_237
120_41_43_45_46_321_26_29_328_240_244_151_85_292_293_294_296_203_190_397_350_236_238,120_41_43_45_46_321_26_29_328_240_244_151_85_292_293_294_296_203_190_397_350_236_238
124_11_125_127_61_325_29_328_240_244_151_85_292_293_294_296_203_190_397_350_236_238,124_11_125_127_61_325_29_328_240_244_151_85_292_293_294_296_203_190_397_350_236_238
231_230_408_419_76_271_388_311_31_267_56_35_151_85_292_293_294_296_203_190_397_350_237_305_349_290_364_178_179_208_236_238,231_230_408_419_76_271_388_311_31_267_56_35_151_85_292_293_294_296_203_190_397_350_236_238
1_338_154_174_364_178_180_337_182_186_347_403_243_212_25_252_245_36_374_240,1_338_154_174_364_178_180_337_182_186_347_403_243_212_25_252_245_36_374_240
231_230_408_419_76_271_388_311_31_267_56_34_36_374_240,231_230_408_419_76_271_388_311_31_267_56_34_36_374_240
231_230_408_419_76_271_388_311_31_267_56_35_152_250_242,231_230_408_419_76_271_388_311_31_267_56_35_152_250_242
231_230_408_419_76_271_388_311_31_267_56_35_152_250_242,231_230_408_419_76_271_388_311_31_267_56_35_152_250_242
231_230_408_419_76_271_388_311_31_267_56_35_152_250_242,231_230_408_419_76_271_388_311_31_267_56_35_152_250_242
231_230_408_419_76_271_388_311_31_267_56_35_152_250_242,231_230_408_419_76_271_388_311_31_267_56_35_152_250_242
231_230_408_419_76_271_388_311_31_267_56_35_152_250_242,231_230_408_419_76_271_388_311_31_267_56_35_152_250_242
231_230_408_419_76_271_388_311_31_267_56_35_152_250_242,231_230_408_419_76_271_388_311_31_267_56_35_152_250_242
231_230_408_419_76_271_388_311_31_267_56_35_152_250_242,231_230_408_419_76_271_388_311_31_267_56_35_152_250_242
189_190_397_350_237_305_349_290_364_178_180_337_182_186_347_403_243,189_190_397_351_337_182_186_347_403_243
231_230_408_419_76_271_388_311_31_267_56_35_152_250_243,231_230_408_419_76_271_388_311_31_267_56_35_152_250_243
231_230_408_419_76_271_388_311_31_267_56_35_152_250_243,231_230_408_419_76_271_388_311_31_267_56_35_152_250_243
231_230_408_419_76_271_388_311_31_267_56_35_152_250_243_212_25_252_244,231_230_408_419_76_271_388_311_31_267_56_35_152_249_252_244
1_338_154_174_364_178_180_337_182_186_347_403_243_212_25_252_245,1_338_154_174_364_178_180_337_182_186_347_403_243_212_25_252_245
180_337_182_186_347_403_243_212_25_252_244_151_84_298_249,180_337_182_186_347_403_243_212_25_252_244_152_249
1_338_154_174_364_178_180_337_182_186_347_403_243_212_25_251,1_338_154_174_364_178_180_337_182_186_347_403_243_212_25_251
1_338_154_174_364_178_180_337_182_186_347_403_243_212_25_251,1_338_154_174_364_178_180_337_182_186_347_403_243_212_25_251
78_231_230_408_419_76_271_388_311_31_267_56_35_152_249_251,78_231_230_408_419_76_271_388_311_31_267_56_35_152_249_251
231_230_408_419_76_271_388_311_31_267_56_35_152_249_251,231_230_408_419_76_271_388_311_31_267_56_35_152_249_251
231_230_408_419_76_271_388_311_31_267_56_35_152_249_251,231_230_408_419_76_271_388_311_31_267_56_35_152_249_251
231_230_408_419_76_271_388_311_31_267_56_35_152_249_251,231_230_408_419_76_271_388_311_31_267_56_35_152_249_251
231_230_408_419_76_271_388_311_31_267_56_35_152_249_251,231_230_408_419_76_271_388_311_31_267_56_35_152_249_251
231_230_408_419_76_271_388_311_31_267_56_35_151_85_292_293_294_297_256,231_230_408_419_76_271_388_311_31_267_56_35_151_85_292_293_294_297_256
0_330_338_154_174_364_178_179_208_236_238_392_393_396_205_257,0_330_338_154_174_364_178_179_209
41_43_45_46_321_26_29_328_240_244_151_85_292_293_294_297_256_259,41_43_45_46_321_26_29_328_240_244_151_85_292_293_294_297_256_259
138_405_171_243_212_25_252_244_151_84_299_293_294_297_256_260,138_405_171_243_212_25_252_244_151_85_292_293_294_297_256_260
231_230_408_419_76_271_388_311_31_267_56_35_151_85_292_293_294_297_256_260,231_230_408_419_76_271_388_311_31_266_379
124_11_125_127_61_325_28_367_286_312_48_316_317_324_340_32_310_387_339_273_386_262,124_11_125_127_61_325_28_367_286_312_48_316_317_324_340_32_310_387_339_273_386_262
124_11_125_127_61_325_28_367_286_312_48_316_317_324_340_32_310_387_339_273_386_262,124_11_125_127_61_325_28_367_286_312_48_316_317_324_340_32_310_387_339_273_386_262
120_41_43_45_46_321_26_29_328_240_245_37_54_358_340_32_310_387_339_273_386_262_265,120_41_43_45_47_370
124_11_125_127_61_325_28_367_286_312_48_316_317_324_340_32_310_387_339_273_386_262_265,124_11_125_127_61_325_28_367_286_312_48_316_317_324_340_32_310_387_339_273_386_263_336_265
124_11_125_127_61_325_28_367_286_312_48_316_317_324_340_32_310_387_339_272,124_11_125_127_61_325_28_367_286_312_48_316_317_324_340_32_310_387_339_272
124_11_125_127_61_325_28_367_286_312_48_316_317_324_340_32_310_387_339_272,124_11_125_127_61_325_28_367_286_312_48_316_317_324_340_32_310_387_339_272
124_11_125_127_61_325_28_367_286_312_48_316_317_324_340_32_310_387_339_272,124_11_125_127_61_325_28_367_286_312_48_316_317_324_340_32_310_387_339_272
124_11_125_127_61_325_28_367_286_312_48_316_317_324_340_32_310_387_339_272,124_11_125_127_61_325_28_367_286_312_48_316_317_324_340_32_310_387_339_272
124_11_125_127_61_325_28_367_286_312_48_316_317_324_340_32_310_387_339_272,124_11_125_127_61_325_28_367_286_312_48_316_317_324_340_32_310_387_339_272
124_11_125_127_61_325_28_367_286_312_48_316_317_324_340_32_310_387_339_272,124_11_125_127_61_325_28_367_286_312_48_316_317_324_340_32_310_387_339_272
124_11_125_127_61_325_28_367_286_312_48_316_317_324_340_32_310_387_339_272,124_11_125_127_61_325_28_367_286_312_48_316_317_324_340_32_310_387_339_272
124_11_125_127_61_325_28_367_286_312_48_316_317_324_340_32_310_387_339_272,124_11_125_127_61_325_28_367_286_312_48_316_317_324_340_32_310_387_339_272
124_11_125_127_61_325_28_367_286_312_48_316_317_324_340_32_310_387_339_272,124_11_125_127_61_325_28_367_286_312_48_316_317_324_340_32_310_387_339_272
124_11_125_127_61_325_28_367_286_312_48_316_317_324_340_32_310_387_339_272,124_11_125_127_61_325_28_367_286_312_48_316_317_324_340_32_310_387_339_272
124_11_125_127_61_325_28_367_286_312_48_316_317_324_340_32_310_387_339_272,124_11_125_127_61_325_28_367_286_312_48_316_317_324_340_32_310_387_339_272
124_11_125_127_61_325_28_367_286_312_48_316_317_324_340_32_310_387_339_272,124_11_125_127_61_325_28_367_286_312_48_316_317_324_340_32_310_387_339_272
124_11_125_127_61_325_28_367_286_312_48_316_317_324_340_32_310_387_339_272,124_11_125_127_61_325_28_367_286_312_48_316_317_324_340_32_310_387_339_272
125_127_61_325_28_367_286_312_48_316_317_324_340_32_310_387_339_272,125_127_61_325_28_367_286_312_48_316_317_324_340_32_310_387_339_272
125_127_61_325_28_367_286_312_48_316_317_324_340_32_310_387_339_272,125_127_61_325_28_367_286_312_48_316_317_324_340_32_310_387_339_272
127_61_325_28_367_286_312_48_316_317_324_340_32_310_387_339_272,127_61_325_28_367_286_312_48_316_317_324_340_32_310_387_339_272
138_405_171_243_212_25_252_245_37_54_358_340_32_310_387_339_272,138_405_171_243_212_25_252_245_37_54_358_340_32_310_387_339_272
138_405_171_243_212_25_252_245_37_54_358_340_32_310_387_339_272,138_405_171_243_212_25_252_245_37_54_358_340_32_310_387_339_272
138_405_171_243_212_25_252_245_37_54_358_340_32_310_387_339_272,138_405_171_243_212_25_252_245_37_54_358_340_32_310_387_339_272
178_180_337_182_186_347_403_243_212_25_252_245_37_54_358_340_32_310_387_339_272,178_180_337_182_186_347_403_243_212_25_252_245_37_54_358_340_32_310_387_339_272
213_125_127_61_325_28_367_286_312_48_316_317_324_340_32_310_387_339_272,213_125_127_61_325_28_367_286_312_48_316_317_324_340_32_310_387_339_272
214_11_125_127_61_325_28_367_286_312_48_316_317_324_340_32_310_387_339_272,214_11_125_127_61_325_28_367_286_312_48_316_317_324_340_32_310_387_339_272
325_28_367_286_312_48_316_317_324_340_32_310_387_339_272,325_28_367_286_312_48_316_317_324_340_32_310_387_339_272
347_403_243_212_25_252_245_37_54_358_340_32_310_387_339_272,347_403_243_212_25_252_245_37_54_358_340_32_310_387_339_272
390_400_405_171_243_212_25_252_245_37_54_358_340_32_310_387_339_272,390_401
390_400_405_171_243_212_25_252_245_37_54_358_340_32_310_387_339_272,390_401
403_243_212_25_252_245_37_54_358_340_32_310_387_339_272,403_243_212_25_252_245_37_54_358_340_32_310_387_339_272
423_114_372_127_61_325_28_367_286_312_48_316_317_324_340_32_310_387_339_272,423_114_372_127_61_325_28_367_286_312_48_316_317_324_340_32_310_387_339_272
427_391_351_337_182_186_347_403_243_212_25_252_245_37_54_358_340_32_310_387_339_272,427_391_351_337_182_186_347_403_243_212_25_252_245_37_54_358_340_32_310_387_339_272
124_11_125_127_61_325_28_367_286_312_48_316_317_324_341_342_71_345_282,124_11_125_127_61_325_28_367_286_312_48_316_317_324_341_342_71_345_282
64_46_321_26_29_328_240_244_151_85_292_293_294_296_203_190_397_350_237_305_349_290,64_47_370
117_139_109_45_46_321_26_29_328_240_244_151_85_292_293,117_139_109_45_46_321_26_29_328_240_244_151_85_292_293
120_41_43_45_46_321_26_29_328_240_244_151_85_292_293,120_41_43_45_46_321_26_29_328_240_244_151_85_292_293
120_41_43_45_46_321_26_29_328_240_244_151_85_292_293,120_41_43_45_46_321_26_29_328_240_244_151_85_292_293
120_41_43_45_46_321_26_29_328_240_244_151_85_292_293_294,120_41_43_45_46_321_26_29_328_240_244_151_85_292_293_294
120_41_43_45_46_321_26_29_328_240_244_151_85_292_293_294,120_41_43_45_46_321_26_29_328_240_244_151_85_292_293_294
120_41_43_45_46_321_26_29_328_240_244_151_85_292_293_294,120_41_43_45_46_321_26_29_328_240_244_151_85_292_293_294
230_408_419_76_271_388_311_31_267_56_35_151_85_292_293_294,230_408_419_76_271_388_311_31_267_56_35_151_85_292_293_294
231_230_408_419_76_271_388_311_31_267_56_35_151_85_292_293_294,231_230_408_419_76_271_388_311_31_267_56_35_151_85_292_293_294
231_230_408_419_76_271_388_311_31_267_56_35_151_85_292_293_294,231_230_408_419_76_271_388_311_31_267_56_35_151_85_292_293_294
231_230_408_419_76_271_388_311_31_267_56_35_151_84_298,231_230_408_419_76_271_388_311_31_267_56_35_151_84_298
231_230_408_419_76_271_388_311_31_267_56_35_151_85_292_293_294_296_203_190_397_350_237_305,231_230_408_419_76_271_388_311_31_267_56_35_151_85_292_293_294_296_203_190_397_350_237_305
231_230_408_419_76_271_388_311_31_267_56_35_151_85_292_293_294_296_203_190_397_350_237_305,231_230_408_419_76_271_388_311_31_267_56_35_151_85_292_293_294_296_203_190_397_350_237_305
231_230_408_419_76_271_388_311_31_267_56_35_151_85_292_293_294_296_203_190_397_350_237_305,231_230_408_419_76_271_388_311_31_267_56_35_151_85_292_293_294_296_203_190_397_350_237_305
178_180_337_182_186_347_403_243_212_25_252_245_37_54_358_340_32_310_387_339_273_386_262_265_333_308,178_180_337_182_186_347_403_243_212_25_252_245_37_54_358_340_32_310_387_339_273_386_262_265_333_308
390_400_405_171_243_212_25_252_245_37_54_358_340_32_309,390_401
124_11_125_127_61_325_28_367_286_312_48_316_317_324_340_32_310,124_11_125_127_61_325_28_367_286_312_48_316_317_324_340_32_310
231_230_408_419_76_271_388_311_31_267_56_35_152_250_243_212_25_252_245_37_54_358_340_32_310,231_230_408_419_76_271_388_311_30_32_310
1_338_154_174_364_178_180_337_182_186_347_403_243_212_25_252_245_37_54_357_322,1_338_154_174_364_178_179_209
140_194_174_364_178_180_337_182_186_347_403_243_212_25_252_245_37_54_357_322,140_194_174_364_178_179_209
0_330_338_154_174_364_178_180_337_182_186_347_403_243_212_25_252_245_37_54_357_323,0_330_338_154_174_364_178_180_337_182_186_347_403_243_212_25_252_245_37_54_357_323
1_338_154_174_364_178_180_337_182_186_347_403_243_212_25_252_245_37_54_357_323,1_338_154_174_364_178_180_337_182_186_347_403_243_212_25_252_245_37_54_357_323
180_337_182_186_347_403_243_212_25_252_245_37_54_357_323,180_337_182_186_347_403_243_212_25_252_245_37_54_357_323
32_309_311_31_268_357_323_319_314_49_313_300_27_65_326,32_310_388_311_31_268_357_323_319_314_49_313_300_27_65_326
124_11_125_127_61_325_28_367_286_312_48_316_317_324_340,124_11_125_127_61_325_28_367_286_312_48_316_317_324_340
1_338_154_174_364_178_180_337_182_186_347_403_243_212_25_252_245_37_54_358_341_342,1_338_154_174_364_178_180_337_182_186_347_403_243_212_25_252_245_37_54_358_341_342
1_338_154_174_364_178_180_337_182_186_347_403_243_212_25_252_245_37_54_358_341_343,1_338_154_174_364_178_180_337_182_186_347_403_243_212_25_252_245_37_54_358_341_343
11_125_127_61_325_28_367_286_312_48_316_317_324_340_33_343,11_125_127_61_325_28_367_286_312_48_316_317_324_341_343
124_11_125_127_61_325_28_367_286_312_48_316_317_324_341_343,124_11_125_127_61_325_28_367_286_312_48_316_317_324_341_343
124_11_125_127_61_325_28_367_286_312_48_316_317_324_341_343,124_11_125_127_61_325_28_367_286_312_48_316_317_324_341_343
0_330_338_154_174_364_178_180_337_182_186_347_403_243_212_25_252_244_151_85_292_293_294_296_203_190_397_350,0_330_338_153_156
41_43_45_46_321_26_29_328_240_244_151_85_292_293_294_296_203_190_397_350,41_43_45_46_321_26_29_328_240_244_151_85_292_293_294_296_203_190_397_350
64_46_321_26_29_328_240_244_151_85_292_293_294_296_203_190_397_351,64_46_321_26_29_328_240_244_151_85_292_293_294_296_203_190_397_351
231_230_408_419_76_271_388_311_31_267_56_35_151_85_292_293_294_296_203_190_397_351,231_230_408_419_76_271_388_311_31_267_56_35_151_85_292_293_294_296_203_190_397_351
231_230_408_419_76_271_388_311_31_267_56_35_152_250_242_356,231_230_408_419_76_271_388_311_31_267_56_35_152_250_242_356
1_338_154_174_364_178_180_337_182_186_347_403_243_212_25_252_245_37_54_357,1_338_154_174_364_178_180_337_182_186_347_403_243_212_25_252_245_37_54_357
1_338_154_174_364_178_180_337_182_186_347_403_243_212_25_252_245_37_54_357,1_338_154_174_364_178_180_337_182_186_347_403_243_212_25_252_245_37_54_357
1_338_154_174_364_178_180_337_182_186_347_403_243_212_25_252_245_37_54_358,1_338_154_174_364_178_180_337_182_186_347_403_243_212_25_252_245_37_54_358
133_135_390_400_405_172_356_362_193_185_177_404_194_174_365,133_135_390_401
1_338_154_174_364_178_180_337_182_186_347_403_243_212_25_252_244_151_85_292_293_294_296_203_191_395,1_338_153_156
41_43_45_46_321_26_29_328_240_244_151_85_292_293_294_296_203_191_395,41_43_45_46_321_26_29_328_240_244_151_85_292_293_294_296_203_191_395
231_230_408_419_76_271_388_311_31_267_56_35_151_85_292_293_294_296_203_191_395,231_230_408_419_76_271_388_311_31_267_56_35_151_85_292_293_294_296_203_191_395
231_230_408_419_76_271_388_311_31_267_56_35_151_85_292_293_294_296_203_191_395,231_230_408_419_76_271_388_311_31_267_56_35_151_85_292_293_294_296_203_191_395
243_212_25_252_244_151_85_292_293_294_296_203_190_398_393_395,243_212_25_252_244_151_85_292_293_294_296_203_191_395
64_46_321_26_29_328_240_244_151_85_292_293_294_296_203_191_396,64_46_321_26_29_328_240_244_151_85_292_293_294_296_203_191_396
120_41_43_45_46_321_26_29_328_240_244_151_85_292_293_294_296_203_190_397,120_41_43_45_46_321_26_29_328_240_244_151_85_292_293_294_296_203_190_397
377_39_315_52_374_240_244_151_85_292_293_294_296_203_190_397,377_39_315_52_374_240_244_151_85_292_293_294_296_203_190_397
377_39_315_52_374_240_244_151_85_292_293_294_296_203_190_397_350_237_305_349_290_365_404,377_38_40_283_64_47_370
307_238_391_351_337_182_186_347_403_243_211_135_390_400_406,307_238_391_351_337_182_186_347_403_243_211_135_390_400_406
120_41_43_45_46_321_26_29_328_240_244_151_85_292_293_294_296_203_190_397_350_237_305_348_143_167_407,120_41_43_45_46_321_26_29_328_240_244_151_85_292_293_294_296_203_190_397_350_237_305_348_143_167_407
390_400_405_172_356_362_193_185_177_404_194_173_143_167_407,390_401
120_41_43_45_46_321_26_29_328_240_244_151_85_292_293_294_297_256_260_420,120_41_43_45_46_321_26_29_328_240_244_151_85_292_293_294_297_256_259_261_294_297_256_259_261_294_297_256_259_261_294_297_256_259_261_294_297_256_259_261_294_297_256_259_261_294_297_256_259_261_294
231_230_408_419_76_271_388_311_31_267_56_35_151_85_292_293_294_297_256_260_420,231_230_408_419_76_271_388_311_31_266_379
426_117_139_109_45_46_321_26_29_328_240_244_151_85_292_293_294_297_256_260_420,426_118_119
390_400_405_171_243_212_25_252_244_151_85_292_293_294_297_256_260_421,390_401
